block_key,block_size
title_token::link,100
title_token::epson,94
title_token::asus,84
title_token::shimano,70
title_token::kingston,68
title_token::pro,65
title_token::canon,62
title_token::ubiquiti,54
title_token::corsair,49
title_token::apple,48
title_token::sandisk,48
brand_token::epson::epson,47
title_token::cisco,45
title_token::catalyst,45
brand_title::epson::epson,42
title_token::port,42
title_token::era,41
title_token::extreme,40
title_token::lens,39
title_token::ink,39
title_token::sony,38
title_token::intel,38
title_token::gaming,38
title_token::unifi,38
title_token::ram,37
title_token::core,37
title_token::sram,35
title_token::jabra,35
brand_token::shimano::shimano,34
brand_title::shimano::shimano,34
title_token::samsung,34
title_token::geforce,34
title_token::smart,34
title_token::chain,34
title_token::plus,34
title_token::crucial,33
title_token::seagate,33
title_bigram::cisco::catalyst,32
title_token::apc,32
title_token::switch,31
title_token::evans,30
title_token::ssd,30
title_token::brother,29
brand_token::asus::asus,29
title_token::gigabit,29
title_token::fujifilm,29
title_token::cartridge,28
title_token::digital,28
title_token::ups,28
title_bigram::smart::ups,28
brand_title::asus::asus,28
title_token::rgb,28
title_token::video,27
title_token::wireless,27
title_bigram::intel::core,27
title_bigram::ubiquiti::unifi,27
title_token::speed,27
title_token::manfrotto,27
title_token::spd,26
brand_token::tp link::link,26
title_token::1tb,26
title_token::2tb,26
title_token::x570,25
title_token::tuf,25
title2::ubiquiti::unifi,25
brand_title::tp link::link,24
title2::intel::core,24
title_token::dual,24
title_token::airpods,23
title_token::rog,23
title_token::amd,23
title2::apc::smart,22
brand_token::apple::apple,22
title_token::drive,22
title_bigram::apc::smart,22
title_token::clear,22
title_token::western,22
title_token::gigabyte,21
brand_title::apple::apple,21
title2::cisco::catalyst,21
title_bigram::western::digital,21
title2::western::digital,21
brand_token::kingston::kingston,21
title_token::canvas,21
title_token::4gb,20
title_token::logitech,20
title_token::maxxis,20
title_token::ironwolf,20
title_bigram::port::gigabit,20
title_token::series,20
title_bigram::sandisk::extreme,20
title_token::hikvision,20
title_token::lacie,20
title_bigram::apple::airpods,19
title_bigram::rog::strix,19
title_token::micro,19
title_token::strix,19
title_token::32gb,19
title_token::toner,19
title_token::prime,19
title_bigram::era::nfl,18
brand_token::canon::canon,18
title_token::sigma,18
brand_title::kingston::kingston,18
title_token::mobile,18
title_token::tissot,18
title_token::square,18
brand_token::sandisk::sandisk,18
title_token::nfl,18
title_token::archer,18
title_bigram::asus::tuf,18
title_token::sata,18
title_token::ryzen,18
brand_title::canon::canon,17
title_token::biz,17
title_token::ernie,17
title_token::ball,17
title_token::hsm,17
title_token::mx500,17
title2::asus::tuf,17
title2::sandisk::extreme,17
title_token::yankees,17
title_bigram::link::archer,17
brand_title::sandisk::sandisk,17
title_token::35mm,17
title_token::crystal,17
title_bigram::jabra::evolve,17
title_token::2960,17
title_token::evolve,17
title2::jabra::evolve,17
title_token::master,17
title_token::970,17
title_token::heuer,17
title_bigram::tag::heuer,17
title_token::tag,17
title2::tag::heuer,16
title_token::magenta,16
title2::ernie::ball,16
title_bigram::catalyst::2960,16
title_token::rtx,16
title_token::select,16
title_token::passport,16
title_bigram::ernie::ball,16
title_bigram::seagate::ironwolf,16
title2::jabra::biz,16
title_bigram::tuf::gaming,16
title_bigram::jabra::biz,16
title_bigram::canvas::select,16
title_token::garmin,16
brand_token::ubiquiti::ubiquiti,15
brand_title::maxxis::maxxis,15
title_token::formula,15
title2::apple::airpods,15
title_token::datatraveler,15
title_token::cyan,15
brand_token::maxxis::maxxis,15
title_token::poe,15
title_bigram::asus::rog,15
title_bigram::amd::ryzen,15
title_token::50mm,15
title_bigram::extreme::pro,15
title2::amd::ryzen,15
title_token::tape,15
title2::asus::rog,15
title_token::cooler,15
brand_title::ubiquiti::ubiquiti,14
title_token::seastar,14
title_token::64gb,14
title_bigram::970::evo,14
title_token::100,14
title_token::evo,14
title_bigram::cooler::master,14
brand_token::jabra::jabra,14
brand_token::shimano::spd,14
brand_title::jabra::jabra,14
title_token::portable,14
title_token::1000,14
title2::link::archer,14
title_bigram::corsair::crystal,14
title_token::cassette,14
title_token::gtx,14
title_token::double,14
title_bigram::geforce::rtx,14
title_token::nikon,14
title_token::microsdxc,13
title_token::ddr3,13
title_token::dgs,13
title_token::ultrachrome,13
brand_token::ubiquiti::unifi,13
brand_token::intel::intel,13
brand_title::sram::sram,13
brand_token::sram::sram,13
title_token::art,13
title_bigram::era::yankees,13
title2::corsair::crystal,13
title_bigram::crucial::mx500,13
title_token::128gb,13
title_bigram::samsung::970,13
brand_token::intel::core,13
brand_token::epson::ink,13
title_bigram::ink::cartridge,13
title_token::hdd,13
title_token::socket,13
brand_token::cisco::cisco,13
brand_token::manfrotto::manfrotto,12
title_token::slinky,12
title_token::premium,12
title_token::audio,12
brand_token::gigabyte::gigabyte,12
title_token::z490,12
title_token::85mm,12
title_token::mono,12
title_token::carbide,12
brand_token::sandisk::extreme,12
brand_token::ram mounts::ram,12
title_bigram::asus::prime,12
title_token::razer,12
title_token::nikkor,12
brand_token::corsair::corsair,12
title_bigram::cfl::square,12
title_token::cfl,12
brand_title::intel::intel,12
brand_title::manfrotto::manfrotto,12
title2::seagate::ironwolf,12
title_token::dymo,12
brand_title::ram mounts::ram,12
brand_token::logitech::logitech,12
brand_title::logitech::logitech,12
title_token::8gb,12
title_token::hyperx,12
brand_token::asus::x570,12
title2::cooler::master,12
brand_title::corsair::corsair,12
title_bigram::heuer::formula,12
title_token::technica,12
title_bigram::audio::technica,12
title_token::fluid,11
title_token::lightning,11
brand_title::gigabyte::gigabyte,11
title_token::high,11
brand_title::fujifilm::fujifilm,11
brand_token::fujifilm::fujifilm,11
title2::samsung::970,11
title_bigram::strix::x570,11
title_token::charging,11
title_bigram::geforce::gtx,11
title_token::macro,11
title_token::nand,11
title_token::eagle,11
title_token::uvc,11
title_bigram::sigma::35mm,11
title_token::ddr4,11
title_token::fenix,11
title_token::tire,11
title_bigram::biz::2300,11
brand_token::cisco::catalyst,11
title2::crucial::mx500,11
title_bigram::seastar::1000,11
title_token::2300,11
title_token::adapter,10
title_bigram::technica::ath,10
title2::audio::technica,10
title_bigram::tissot::seastar,10
title_bigram::video::camera,10
title_token::pfi,10
title_token::mouse,10
title_bigram::nikon::nikkor,10
title_token::mt800,10
title_token::phosphor,10
title2::apple::apple,10
title_bigram::apple::apple,10
title_bigram::switch::link,10
title_token::assegai,10
title_token::radeon,10
title_token::c2960x,10
brand_token::brother::brother,10
title_token::emad,10
title_token::nano,10
title_token::headset,10
title_token::bx500,10
title_token::6tb,10
title_token::16gb,10
title_bigram::kingston::canvas,10
title2::kingston::canvas,10
title2::switch::link,10
title_token::power,10
title_token::stm,10
title_bigram::unifi::video,10
title_token::sapphire,10
title_bigram::35mm::hsm,10
title2::sigma::35mm,10
title_token::mount,10
title_token::masterliquid,10
title2::asus::prime,10
title_token::photo,10
title_token::road,10
brand_token::apple::airpods,10
title_bigram::garmin::fenix,10
title_token::webcam,10
title_token::ath,10
title_token::stereo,10
title_token::camera,10
title_token::oss,9
title_bigram::double::socket,9
title_token::1210,9
title_bigram::dgs::1210,9
title_token::led,9
title_bigram::sram::eagle,9
title_token::long,9
brand_token::sony::sony,9
brand_title::sony::sony,9
title_token::standard,9
title_token::4tb,9
title_token::magsafe,9
title_token::fujinon,9
title_token::bass,9
title_token::23mm,9
title_bigram::asus::geforce,9
title2::asus::geforce,9
title_bigram::ram::long,9
title2::garmin::fenix,9
brand_title::cisco::cisco,9
brand_token::shimano::chain,9
title_bigram::phosphor::bronze,9
title_token::bronze,9
title_token::addario,9
title_token::nas,9
title_bigram::crystal::series,9
title_token::am4,9
brand_token::epson::ultrachrome,9
title_token::ultra,9
title_token::256gb,9
title2::crucial::bx500,9
title_bigram::crucial::bx500,9
title_bigram::hsm::art,9
title_token::duo,9
title_token::external,9
title_token::24mm,9
title_bigram::link::port,9
title_bigram::link::dgs,9
title_token::osram,8
title_token::brake,8
title_bigram::osram::cfl,8
title_bigram::iltovka::era,8
title_bigram::2960::plus,8
title2::iltovka::era,8
brand_token::asus::prime,8
title_bigram::shimano::mt800,8
title_token::pokemon,8
title_token::vengeance,8
title_token::disc,8
brand_title::brother::brother,8
title_token::tinte,8
brand_token::tp link::gigabit,8
brand_token::jabra::biz,8
brand_token::asus::gaming,8
title_token::250gb,8
title2::osram::cfl,8
title_token::vga,8
title_bigram::corsair::carbide,8
title_token::yellow,8
title_token::ghz,8
title_bigram::sony::sel,8
title_bigram::evans::emad,8
title_token::flash,8
title_token::cpu,8
title_token::sel,8
title2::evans::emad,8
title_token::suction,8
brand_token::seagate::seagate,8
title_token::ec2,8
title_bigram::mobile::drive,8
title2::sony::sel,8
brand_token::asus::strix,8
title2::nikon::nikkor,8
title_bigram::maxxis::assegai,8
title2::corsair::carbide,8
title_token::light,8
brand_token::tp link::archer,8
brand_token::asus::rog,8
title_bigram::lacie::2tb,8
title_token::card,8
title_token::full,8
title_token::iltovka,8
title_token::60w,8
title_token::lite,8
title_token::aggressor,8
title_token::mouth,8
brand_token::crucial::crucial,8
title_token::hard,8
title_token::sata3,7
title2::tissot::seastar,7
brand_token::cooler master::cooler,7
brand_token::asus::tuf,7
title_token::105,7
title_token::super,7
title_token::fury,7
title_bigram::master::masterliquid,7
title_token::1600,7
title2::apple::lightning,7
title_bigram::evolve::stereo,7
title_token::lpx,7
title_bigram::vengeance::lpx,7
title_token::dvr,7
title2::sram::eagle,7
title_bigram::kingston::datatraveler,7
title2::kingston::datatraveler,7
title_bigram::datatraveler::100,7
title_bigram::maxxis::maxxis,7
title2::maxxis::maxxis,7
title_token::type,7
title_token::hydro,7
title_bigram::canon::pfi,7
title_token::usm,7
brand_token::maxxis::tire,7
brand_title::crucial::crucial,7
brand_token::maxxis::aggressor,7
title_token::multipack,7
title_token::macbook,7
brand_token::garmin::garmin,7
title_bigram::fujifilm::fujinon,7
title_token::flask,7
title_bigram::apple::lightning,7
brand_token::amd::amd,7
brand_token::amd::ryzen,7
brand_title::amd::amd,7
title_token::uhs,7
title_bigram::hydro::flask,7
title_bigram::60w::magsafe,7
brand_title::samsung::samsung,7
title_bigram::speed::chain,7
title_bigram::ups::1000va,7
title2::fujifilm::fujinon,7
title2::link::port,7
title_token::glossy,7
title_token::1000va,7
title_token::head,7
title_bigram::airpods::wireless,7
title_bigram::ironwolf::pro,7
title2::hydro::flask,7
brand_token::samsung::samsung,7
title_bigram::hyperx::fury,7
title_token::2400,7
title_bigram::gaming::x570,7
title_bigram::instax::square,6
title2::fujifilm::instax,6
title_token::instax,6
brand_token::manfrotto::video,6
brand_token::cooler master::master,6
brand_token::epson::cyan,6
title_token::inkjet,6
brand_token::epson::tinte,6
title_bigram::epson::tinte,6
title2::epson::tinte,6
title2::epson::premium,6
title_bigram::icue::465x,6
title_token::classic,6
title_token::daniel,6
brand_token::logitech::webcam,6
title_bigram::nikkor::20mm,6
title_token::20mm,6
title2::canon::150mm,6
title_token::optical,6
title_bigram::carbide::175r,6
title_token::mlb,6
title_token::175r,6
brand_token::western digital::western,6
brand_title::western digital::western,6
title_bigram::ryzen::3900xt,6
title_token::3900xt,6
brand_token::western digital::digital,6
title_token::465x,6
brand_token::maxxis::assegai,6
title2::maxxis::assegai,6
title2::shimano::mt800,6
title_bigram::privacy::filter,6
title_token::edgeswitch,6
title_bigram::era::clean,6
title_token::clean,6
title_token::trucker,6
title_bigram::clean::trucker,6
brand_title::garmin::garmin,6
title_bigram::epson::premium,6
title_token::hybrid,6
title_bigram::r550::spd,6
title_token::r550,6
title_token::rugged,6
title_bigram::passport::1tb,6
title2::razer::viper,6
title_bigram::corsair::vengeance,6
title2::corsair::vengeance,6
title_bigram::core::8700k,6
title_token::viper,6
title_bigram::razer::viper,6
title_bigram::toner::cartridge,6
title2::catalyst::2960,6
title_token::8700k,6
title_token::icue,6
title_bigram::core::9700f,6
title_bigram::50mm::hsm,6
title_token::minion,6
title_token::500,6
title2::canon::pfi,6
title2::lacie::2tb,6
title_bigram::razer::deathadder,6
title_bigram::ryzen::3400g,6
title_token::3400g,6
title_token::deathadder,6
brand_token::garmin::fenix,6
title_token::r7000,6
title_token::orleans,6
title_bigram::nfl::orleans,6
title_token::mini,6
title2::link::dgs,6
title2::privacy::filter,6
title_token::filter,6
title_token::privacy,6
brand_token::shimano::mt800,6
title_token::wifi,6
title_token::300mbps,6
brand_token::fujifilm::lens,6
title_bigram::fujifilm::instax,6
title_bigram::sandisk::ixpand,6
title_token::monitor,6
title_bigram::apple::60w,6
title_token::12pc,6
title_bigram::gigabyte::geforce,6
title_token::slim,6
title2::link::sg108pe,6
title_token::deore,6
title_bigram::biz::2400,6
title_bigram::airpods::charging,6
title_token::56mm,6
title_token::sg108pe,6
title_bigram::link::sg108pe,6
title_token::elements,6
title_token::ll140,6
title_token::oki,6
title_bigram::tuf::b450m,6
title_token::b450m,6
title_bigram::b450m::plus,6
title_token::sdxc,6
title_token::zotac,6
title_token::folding,6
title_bigram::maxxis::aggressor,6
title_token::c920,6
title_bigram::ec2::clear,6
brand_token::sandisk::pro,6
title_token::28w,6
title_token::nvidia,6
title_token::460x,6
title_token::c2960,6
title_token::sfp,6
title_bigram::2300::mono,6
title_token::cup,6
brand_token::seagate::ironwolf,6
title_token::drum,6
title_bigram::catalyst::3650,6
brand_token::asus::dual,6
title_token::2060,6
title_token::mpg,6
title_token::befree,6
title_bigram::shimano::shimano,6
title_bigram::kingston::32gb,6
title_token::480gb,6
brand_title::tag heuer::tag,6
brand_token::tag heuer::heuer,6
brand_token::tag heuer::tag,6
title2::kingston::32gb,6
title_token::polyester,6
title_bigram::premium::glossy,6
title_token::9900,6
title_token::ixpand,6
title_token::680x,6
title_token::150mm,6
title_bigram::ram::double,6
title2::ram::double,6
title_token::arm,6
title_bigram::rtx::2060,6
title_bigram::canon::150mm,6
title_token::1230,6
title_token::275r,6
title2::shimano::shimano,6
brand_token::manfrotto::fluid,6
title_bigram::extreme::microsdxc,6
title_token::hdr,6
title_token::9700f,6
title_token::wa860re,6
title_token::3650,6
title_bigram::suction::cup,6
title_token::brio,6
title_token::hg901,6
title_token::hg95,6
title_token::570x,6
title_bigram::mpg::z490,6
title_bigram::z490::gaming,6
title_token::xu2390hs,6
title_token::1031,6
title_token::bicycle,6
title_bigram::ryzen::2600x,5
brand_token::ubiquiti::uvc,5
title_bigram::flash::drive,5
title_token::msi,5
title_token::redmi,5
title_token::blekk,5
title_token::b100,5
title_token::101,5
title_bigram::canon::101,5
brand_title::sigma::sigma,5
brand_token::sigma::sigma,5
title_token::book,5
title_bigram::masterliquid::lite,5
title_token::ml120r,5
title_token::6701,5
title_token::advanced,5
title_token::matte,5
title_token::240mm,5
title_bigram::240mm::oss,5
title_bigram::daniel::wellington,5
title_token::darkness,5
title_token::iiyama,5
title_token::16w,5
title_bigram::sram::1031,5
title_bigram::msi::mpg,5
title_token::wellington,5
title_token::dura,5
brand_token::audio technica::ath,5
brand_token::audio technica::technica,5
title2::canon::101,5
title_token::2600x,5
title_bigram::logitech::brio,5
brand_token::audio technica::audio,5
title_bigram::archer::c60,5
title_token::router,5
title_token::7616ni,5
title_token::pci,5
title2::epson::ultrachrome,5
title_bigram::epson::ultrachrome,5
title_token::16p,5
title_token::545,5
brand_token::sram::speed,5
title_token::39thirty,5
title_token::extra,5
title_bigram::175r::rgb,5
title_bigram::nfl::england,5
title_token::england,5
title_token::class,5
title_token::york,5
title_bigram::socket::arm,5
title2::asus::dual,5
title_bigram::asus::dual,5
title_token::c60,5
title_bigram::rtx::2080,5
title_token::2080,5
title_bigram::150mm::stm,5
title_token::resonant,5
title_token::8300,5
title_bigram::core::8300,5
title_token::t2u,5
title_bigram::archer::t2u,5
title_token::mastercase,5
title2::shimano::spd,5
title_bigram::shimano::spd,5
title_token::rs500,5
title_token::jetstream,5
title_bigram::square::28w,5
title_bigram::link::wa860re,5
title2::link::wa860re,5
title_token::range,5
brand_token::asus::geforce,5
title_bigram::gtx::1660,5
title2::sandisk::128gb,5
title_bigram::sandisk::128gb,5
title_bigram::128gb::extreme,5
title_token::1660,5
title_bigram::lacie::mobile,5
title2::lacie::mobile,5
title_bigram::evans::ec2,5
title2::evans::ec2,5
title_token::channel,5
title2::ram::long,5
title2::maxxis::aggressor,5
title_token::860,5
brand_token::logitech::c920,5
brand_token::apc::apc,5
brand_token::apc::ups,5
title_token::bottom,5
brand_token::tp link::wireless,5
title_token::x945x2kg,5
title_token::lexmark,5
title_bigram::ultra::dual,5
title_bigram::sandisk::32gb,5
title2::sandisk::32gb,5
title_token::cleats,5
title_bigram::unifi::mesh,5
title_token::t1285,5
title_bigram::23mm::lens,5
title_token::8tb,5
brand_title::seagate::seagate,5
title_bigram::gigabyte::radeon,5
title_token::nix,5
brand_token::sram::eagle,5
title_bigram::eagle::speed,5
brand_token::lacie::2tb,5
title_token::pedals,5
brand_token::shimano::r550,5
title_bigram::shimano::r550,5
title_bigram::spd::road,5
brand_token::hikvision::hikvision,5
title_bigram::fluid::video,5
title_token::purple,5
title_token::44992402,5
title_bigram::bicycle::chain,5
title_token::stylus,5
title_bigram::ubiquiti::edgeswitch,5
title_token::mesh,5
brand_token::canon::usm,5
title_token::acoustic,5
title_bigram::corsair::force,5
title_token::force,5
title_token::c3650,5
title_token::ej16,5
title_bigram::core::7100,5
title_token::9forty,5
title2::kappe::era,5
title_token::kappe,5
title_bigram::kappe::era,5
title_token::xiaomi,5
title_token::730,5
title_bigram::macro::lens,5
title_token::7100,5
title_bigram::maxxis::minion,5
title_bigram::465x::rgb,5
title_bigram::yankees::mlb,5
title_token::ej17,5
title_bigram::sigma::50mm,5
title_bigram::2300::duo,5
title_token::seamaster,5
brand_token::cisco::2960,5
title_bigram::oki::44992402,5
title_token::wired,5
title_token::ambidextrous,5
title_token::sdhc,5
title_bigram::select::plus,5
title_bigram::viper::ambidextrous,5
title_token::access,5
title_bigram::c2960x::24pd,5
brand_token::jabra::evolve,5
title_bigram::prime::x570,5
title_token::vivid,5
brand_token::epson::magenta,5
title_token::10g,5
brand_title::ubiquiti networks ub::ubiquiti,5
brand_token::ubiquiti networks ub::ubiquiti,5
title_bigram::fujifilm::56mm,5
title_bigram::sg108pe::port,5
brand_token::tp link::port,5
title_bigram::speed::cassette,5
title_token::wide,5
title_token::hg701,5
title_bigram::shimano::ultegra,5
title_token::ultegra,5
title_token::backup,5
title_bigram::c3560cx::12pc,5
title_token::replacement,5
brand_token::apple::magsafe,5
brand_token::apple::60w,5
title_token::24pd,5
title_bigram::2tb::sata,5
brand_token::kingston::canvas,5
brand_token::sandisk::ixpand,5
title_bigram::airpods::pro,5
brand_title::apc::apc,5
brand_token::apc::smart,5
brand_token::tag heuer::formula,5
title_token::wp4000,5
title_token::c3560cx,5
title_token::kit,5
title_token::sector,5
title_token::airmax,5
title_bigram::ironwolf::6tb,5
title_token::b365m,5
title_bigram::ll140::rgb,5
title_token::rams,5
title_bigram::nfl::rams,5
title_token::b460m,5
title_token::t120,5
title_token::cornwall,5
title2::daniel::wellington,5
title_bigram::sandisk::64gb,5
title2::sandisk::64gb,5
title_token::vision,5
title_bigram::z490::vision,5
title_token::5tb,5
title_token::placa,5
brand_token::gigabyte::z490,5
title_token::570pgbk,5
title_token::pgi,5
title_token::24tt,5
title_token::b550,5
title_bigram::strix::b550,5
title_token::lc1220bk,5
title_bigram::apple::macbook,5
title_token::hg601,5
title_bigram::wireless::charging,5
title_token::benq,5
title_token::sw2700pt,5
title_token::round,5
brand_title::audio technica::audio,5
title_bigram::lightning::digital,5
title2::msi::mpg,5
title_bigram::mfc::l2710dw,5
title_token::mfc,5
title_bigram::brother::mfc,5
title_token::l2710dw,5
title2::brother::mfc,5
title2::manfrotto::befree,5
title_bigram::manfrotto::befree,5
title_bigram::befree::advanced,5
brand_token::kingston::4gb,4
title_token::scheda,4
brand_title::cooler master::cooler,4
title_token::orange,4
title_token::uhd,4
title_token::wn725n,4
title_bigram::digital::adapter,4
title_bigram::masterliquid::ml120r,4
brand_token::apple::lightning,4
title_bigram::evo::plus,4
title_bigram::manfrotto::mhxpro,4
title_bigram::classic::cornwall,4
title_token::disk,4
brand_title::tissot::tissot,4
title2::ubiquiti::uvc,4
title_token::park,4
title_token::tool,4
title_bigram::park::tool,4
title2::park::tool,4
title_bigram::carbide::275r,4
title_token::steel,4
title_bigram::diver::300m,4
brand_token::corsair::lpx,4
title2::sram::sram,4
brand_token::logitech::pro,4
title2::logitech::brio,4
title_token::processor,4
title_token::sg1024de,4
title_token::base,4
title_bigram::ubiquiti::uvc,4
title_token::3000mhz,4
title_bigram::fenix::plus,4
brand_token::sigma::art,4
brand_token::amd::3400g,4
title_token::5500,4
title_bigram::access::point,4
title_token::point,4
brand_token::corsair::vengeance,4
title_token::t9uh,4
title_token::ac1900,4
title_token::trigger,4
title_bigram::sram::sram,4
brand_token::lacie::rugged,4
title_bigram::2tb::rugged,4
title_bigram::plus::sapphire,4
brand_token::garmin::sapphire,4
title_bigram::tire::folding,4
title_bigram::860::pro,4
brand_token::ram mounts::long,4
brand_token::ram mounts::double,4
title2::zotac::geforce,4
title_bigram::zotac::geforce,4
title_bigram::clear::drum,4
title_token::7332hqhi,4
brand_title::ernie ball::ernie,4
title_bigram::hybrid::slinky,4
title_bigram::flask::standard,4
title_bigram::ups::1500va,4
title_token::1500va,4
title_bigram::pro::webcam,4
title2::fujifilm::23mm,4
title_bigram::fujifilm::23mm,4
title_token::turbo,4
title2::shimano::r550,4
title_token::pedal,4
title_bigram::spd::pedals,4
brand_token::shimano::pedals,4
brand_token::shimano::road,4
brand_token::ernie ball::ball,4
brand_token::ernie ball::ernie,4
brand_token::kingston::select,4
title_token::film,4
title_bigram::square::film,4
brand_token::sony::lens,4
title_bigram::sony::50mm,4
title2::c2960x::24pd,4
title2::passport::1tb,4
brand_token::sandisk::128gb,4
title_bigram::unifi::cloud,4
title_token::cloud,4
title2::epson::t1285,4
title_bigram::t1285::multipack,4
title_bigram::epson::t1285,4
brand_token::maxxis::exo,4
title_token::exo,4
title_bigram::spd::cleat,4
title_bigram::t2u::nano,4
brand_token::tp link::nano,4
title_token::tempered,4
title_bigram::master::mastercase,4
title_bigram::resonant::bass,4
title_token::24port,4
title_bigram::pro::8tb,4
brand_token::epson::cartridge,4
title_token::sn750,4
title_token::diameter,4
title_token::dimm,4
title_bigram::ram::diameter,4
title_bigram::jetstream::port,4
title_token::sonnar,4
title_bigram::intel::cpu,4
title2::intel::cpu,4
brand_title::hikvision::hikvision,4
title_bigram::power::slinky,4
title_bigram::ball::power,4
title_token::10700kf,4
title_bigram::core::10700kf,4
title_token::200mm,4
title_bigram::canon::545,4
title_bigram::7616ni::16p,4
title_bigram::vga::gigabyte,4
title2::seagate::backup,4
title_bigram::backup::plus,4
title_bigram::plus::slim,4
title_bigram::seagate::backup,4
title_token::emad2,4
title_bigram::clear::bass,4
title_token::802,4
title_token::ois,4
title_bigram::assegai::tire,4
title_bigram::30mm::macro,4
brand_token::gigabyte::geforce,4
title_bigram::nvidia::geforce,4
title_token::30mm,4
title_bigram::sony::30mm,4
title2::sony::30mm,4
title_token::135mm,4
title_bigram::canon::135mm,4
title_bigram::portable::hard,4
title_bigram::port::poe,4
title_token::3850,4
title_bigram::catalyst::3850,4
title2::ubiquiti::edgeswitch,4
title_token::9mm,4
title_token::cleat,4
title_bigram::mesh::pro,4
title_token::uap,4
title_bigram::addario::ej16,4
title2::addario::ej16,4
brand_token::corsair::series,4
title2::corsair::force,4
title_token::7216hqhi,4
title_token::4500,4
title_token::xxl,4
title_token::note,4
title_bigram::redmi::note,4
title_bigram::xiaomi::redmi,4
title_bigram::pgi::570pgbk,4
title_bigram::c2960::24tt,4
title_bigram::ultrachrome::hdr,4
title_bigram::85mm::lens,4
title2::kingston::hyperx,4
brand_token::kingston::ddr4,4
title_bigram::kingston::hyperx,4
title_token::batter,4
title2::c3560cx::12pc,4
title2::epson::blekk,4
brand_token::epson::inkjet,4
title2::shimano::m8000,4
title_token::serial,4
title_bigram::sata::ssd,4
title_bigram::brother::241m,4
title_token::241m,4
title_bigram::prime::b365m,4
title_token::32oz,4
title_bigram::airmax::sector,4
title_bigram::wide::mouth,4
title_token::18xl,4
title2::shimano::ultegra,4
brand_token::jabra::2400,4
title_token::500gb,4
title_bigram::shimano::deore,4
title_token::m8000,4
title_bigram::shimano::m8000,4
title_token::gorra,4
title2::gorra::era,4
title_bigram::york::yankees,4
title_bigram::epson::blekk,4
title_token::microsdhc,4
title_token::mid,4
title_bigram::yankees::39thirty,4
title_bigram::archer::t9uh,4
title_token::headphone,4
title_bigram::elements::portable,4
title_bigram::canon::pgi,4
title_token::g633,4
brand_token::sandisk::drive,4
title_bigram::link::wireless,4
title_bigram::mt800::bottom,4
title_bigram::gorra::era,4
title_token::28p,4
title_bigram::prime::b460m,4
brand_token::apple::charging,4
title_bigram::corsair::ll140,4
title2::corsair::ll140,4
brand_token::corsair::rgb,4
title_token::jack,4
title_bigram::lightning::headphone,4
title_token::207bk,4
title_bigram::pfi::207bk,4
title_bigram::archer::c1200,4
title_token::c1200,4
brand_token::gigabyte::vision,4
title_bigram::1210::28p,4
title2::fujifilm::56mm,4
brand_token::fujifilm::56mm,4
title2::kingston::16gb,4
title_bigram::kingston::16gb,4
title_token::professional,4
title_bigram::ath::m50x,4
title_token::m50x,4
title_token::metal,4
title_token::1600mhz,4
brand_token::tissot::tissot,4
title_token::dhr,4
brand_token::maxxis::minion,4
title_token::120gb,4
title2::corsair::icue,4
title_bigram::corsair::icue,4
title_bigram::570x::rgb,4
title2::sram::1031,4
title_token::2280,4
brand_token::shimano::bicycle,4
title_token::omega,4
title_bigram::omega::seamaster,4
title_token::diver,4
brand_token::jabra::duo,4
brand_token::jabra::2300,4
title2::sigma::50mm,4
title_bigram::minion::dhr,4
title_token::300m,4
title_bigram::mx500::2tb,4
brand_token::sigma::35mm,4
brand_token::sigma::hsm,4
title_bigram::digital::book,4
title_bigram::shimano::chain,4
brand_token::shimano::speed,4
title2::shimano::chain,4
brand_token::hydro flask::flask,4
title_bigram::standard::mouth,4
title_bigram::ixpand::flash,4
brand_token::sandisk::flash,4
title2::sandisk::ixpand,4
title_bigram::radeon::5700,4
title_token::5700,4
title_token::technology,4
title_bigram::core::9900,4
brand_token::dymo::dymo,4
brand_title::dymo::dymo,4
title_token::noir,4
title_bigram::dymo::tape,4
title2::dymo::tape,4
brand_title::hydro flask::hydro,4
brand_token::hydro flask::hydro,4
title_token::mhxpro,4
title2::manfrotto::mhxpro,4
title_token::rebel,4
title_token::sword,4
title_token::desktop,4
title_token::t7891,4
title2::epson::ink,4
title_bigram::epson::ink,4
title_token::j04c,4
brand_token::cisco::c2960x,4
title_bigram::square::16w,4
title_bigram::darkness::ablaze,4
title_token::ablaze,4
title_token::elite,4
title_token::yield,4
title_token::red22,4
brand_token::crucial::4gb,3
title2::shimano::hg901,3
title2::tuf::gaming,3
title_bigram::logitech::b100,3
title_bigram::b100::mouse,3
brand_token::tp link::access,3
title2::asus::scheda,3
title_token::madre,3
title_token::3e0105p,3
brand_token::msi::gaming,3
title_bigram::1031::speed,3
title_token::aorus,3
brand_token::cooler master::masterliquid,3
title_bigram::disc::brake,3
title_bigram::kingston::4gb,3
title_bigram::fury::ddr3,3
brand_token::seagate::nas,3
title_token::pads,3
title_bigram::16gb::datatraveler,3
brand_token::audio technica::m50x,3
title_token::256mb,3
brand_token::seagate::hdd,3
title_token::disco,3
title_bigram::series::570x,3
brand_token::samsung::970,3
brand_token::msi::msi,3
brand_title::msi::msi,3
title_bigram::ath::m40x,3
title_token::m40x,3
title_token::700ml,3
title_bigram::addario::ej17,3
brand_token::msi::mpg,3
title_bigram::c2960x::24td,3
title_token::24td,3
title2::asus::amd,3
title_bigram::asus::amd,3
brand_token::asus::amd,3
title2::addario::ej17,3
title_bigram::ej17::phosphor,3
title_bigram::ssd::1tb,3
brand_token::msi::z490,3
title_bigram::amd::am4,3
title_token::atx,3
title_bigram::samsung::ssd,3
title2::samsung::ssd,3
title_token::amps,3
title_bigram::round::plate,3
brand_token::tp link::sg1024de,3
title_bigram::link::sg1024de,3
brand_token::ubiquiti::video,3
title2::unifi::video,3
brand_token::jabra::stereo,3
title_bigram::stereo::headset,3
title_token::plate,3
title2::link::sg1024de,3
title_token::trail,3
title_token::guide,3
brand_token::tp link::switch,3
title_token::easy,3
title_bigram::gigabit::easy,3
brand_token::epson::matte,3
title_bigram::hg95::speed,3
title_token::mtb,3
title_token::matt,3
title_bigram::epson::epson,3
title_bigram::benq::sw2700pt,3
title_token::lightweight,3
title_bigram::4gb::ddr3,3
title_bigram::bx500::120gb,3
title_bigram::card::memorie,3
title2::card::memorie,3
title_token::memorie,3
title_bigram::32gb::extreme,3
brand_token::logitech::brio,3
title_bigram::brio::ultra,3
title_token::microsd,3
title_bigram::32gb::micro,3
brand_token::epson::blekk,3
title_bigram::pro::sapphire,3
brand_token::ubiquiti::camera,3
title_bigram::manfrotto::mvh500ah,3
title_bigram::275r::mid,3
brand_token::manfrotto::lightweight,3
title_token::mvh500ah,3
title2::manfrotto::mvh500ah,3
title2::omega::seamaster,3
title_bigram::275r::tempered,3
title_bigram::eagle::1230,3
title_bigram::seamaster::diver,3
brand_token::qbp::sram,3
brand_title::qbp::sram,3
title_bigram::shimano::hg601,3
title_token::thunderbolt,3
title_bigram::lpx::8gb,3
title2::gigabyte::radeon,3
title_bigram::radeon::5500,3
brand_token::gigabyte::radeon,3
title_token::mvh500a,3
title2::razer::deathadder,3
brand_token::asus::rtx,3
brand_token::shimano::deore,3
title_bigram::yankees::9forty,3
brand_token::brother::lc1220bk,3
brand_token::shimano::bottom,3
title_token::t7012,3
title_bigram::macbook::pro,3
title2::xiaomi::redmi,3
brand_title::razer::razer,3
title_bigram::ambidextrous::gaming,3
brand_token::razer::razer,3
title_bigram::brother::lc1220bk,3
title_token::svart,3
title_bigram::250gb::sata,3
title_bigram::unifi::pro,3
title_bigram::mx500::250gb,3
title_bigram::extra::slinky,3
title2::access::point,3
title_token::gps,3
title_bigram::dual::band,3
title_token::band,3
title_token::q70t,3
title_token::qled,3
title_bigram::lexmark::x945x2kg,3
title_token::sg1016de,3
title2::era::nfl,3
title_bigram::t1500g::10mps,3
title_token::years,3
brand_token::sandisk::32gb,3
title_token::ilterica,3
title2::ilterica::era,3
title_bigram::ilterica::era,3
brand_title::lacie::lacie,3
brand_token::lacie::lacie,3
title_token::t1500g,3
title_bigram::link::t1500g,3
title2::link::t1500g,3
title_token::10mps,3
title_bigram::sfp::10g,3
title_bigram::cisco::sfp,3
title_bigram::inkjet::cartridge,3
brand_token::xiaomi::xiaomi,3
title_bigram::cloud::key,3
title2::evans::emad2,3
title_token::quartz,3
title_token::bracket,3
title_bigram::bottom::bracket,3
title_bigram::12pc::cisco,3
title_token::key,3
title_token::giga,3
title_token::n300,3
title2::link::wireless,3
title_bigram::drive::type,3
title_bigram::dual::drive,3
title_bigram::x945x2kg::high,3
title_token::sh11,3
title_bigram::2tb::elements,3
brand_token::apple::jack,3
title_bigram::c1200::dual,3
title_bigram::vivid::magenta,3
title_token::2nd,3
title_bigram::lacie::5tb,3
title2::rog::strix,3
title_token::5ghz,3
brand_token::asus::b365m,3
title_token::frame,3
title_bigram::frame::mount,3
title_bigram::sony::85mm,3
title_bigram::toner::brother,3
title2::toner::brother,3
title_bigram::ubiquiti::airmax,3
title2::ubiquiti::airmax,3
title_bigram::6tb::nas,3
title_token::lc225xlm,3
brand_token::tp link::sg108pe,3
title_bigram::intel::z490,3
title_bigram::evans::emad2,3
title_bigram::emad::clear,3
brand_token::gigabyte::nvidia,3
title_bigram::replacement::battery,3
title_token::battery,3
title_bigram::730::speed,3
brand_token::maxxis::folding,3
title2::gigabyte::geforce,3
title_bigram::wp4000::4500,3
brand_token::sony::macro,3
brand_token::sony::30mm,3
brand_token::brother::lc225xlm,3
title_bigram::2400::duo,3
title_bigram::full::frame,3
title_bigram::double::suction,3
brand_token::kingston::32gb,3
title_bigram::pfi::107c,3
title_bigram::edgeswitch::port,3
title_token::casquette,3
title_bigram::cappello::era,3
title2::cappello::era,3
title_token::cappello,3
title_token::twist,3
title2::casquette::era,3
title_bigram::casquette::era,3
title2::sony::24mm,3
brand_token::intel::7100,3
title_bigram::extreme::256gb,3
title_bigram::bx500::480gb,3
brand_token::maxxis::29x2,3
title_token::29x2,3
title_token::c13t70334010,3
title_token::tinta,3
title_bigram::nikkor::85mm,3
brand_token::epson::wp4000,3
title_bigram::fujifilm::80mm,3
title_token::80mm,3
title_bigram::sony::24mm,3
title_token::c3850,3
title_bigram::scisco::catalyst,3
title_token::scisco,3
title_token::107c,3
title2::fujifilm::80mm,3
title_token::schwarz,3
title_bigram::ubiquiti::networks,3
title_token::networks,3
title2::ubiquiti::networks,3
title_token::48p,3
title_bigram::uap::pro,3
title_bigram::datatraveler::se9,3
title_token::sh10,3
title_bigram::spd::cleats,3
brand_token::kingston::ddr3,3
title_token::se9,3
title2::samsung::860,3
title_bigram::samsung::860,3
title_bigram::aggressor::tire,3
title_bigram::seagate::nas,3
brand_token::shimano::r7000,3
title_bigram::logitech::pro,3
title2::logitech::pro,3
title_token::1920,3
brand_token::sandisk::uhs,3
title_bigram::fujinon::23mm,3
brand_token::fujifilm::fujinon,3
brand_token::fujifilm::23mm,3
title_bigram::webcam::c920,3
brand_token::epson::multipack,3
brand_token::sram::cassette,3
title_bigram::logitech::c920,3
title2::logitech::c920,3
title_bigram::extreme::sdxc,3
title_token::t5805,3
title_bigram::t5805::light,3
brand_token::kingston::1600,3
brand_token::d addario::addario,3
brand_token::d addario::phosphor,3
title_bigram::light::cyan,3
brand_token::daddario::phosphor,3
brand_token::daddario::bronze,3
title_bigram::ej16::phosphor,3
title_token::dysk,3
title_token::mp510,3
brand_token::western digital::portable,3
brand_title::d addario::addario,3
title_token::12mm,3
title_bigram::tape::polyester,3
brand_token::apple::pro,3
brand_token::apple::wireless,3
title_bigram::glossy::photo,3
title2::shimano::105,3
title_bigram::shimano::105,3
title2::canon::135mm,3
title_bigram::passport::4tb,3
title_bigram::passport::portable,3
title_token::short,3
title_bigram::135mm::usm,3
title_bigram::evans::remad,3
title_token::remad,3
brand_token::intel::8300,3
title_token::label,3
title_token::h500m,3
title_bigram::remad::resonant,3
brand_title::evans::evans,3
title2::evans::remad,3
brand_token::tp link::t2u,3
brand_token::ram mounts::suction,3
brand_token::cooler master::mastercase,3
title2::shimano::rs500,3
brand_token::western digital::passport,3
title_token::48fd,3
title_bigram::c3650::48fd,3
title_bigram::gaming::geforce,3
title2::link::jetstream,3
title_bigram::link::jetstream,3
title_token::48tc,3
title_bigram::shimano::rs500,3
title_token::tcg,3
title_bigram::shimano::j04c,3
title_bigram::sword::shield,3
title_token::pad,3
title_token::051,3
title_bigram::tissot::t120,3
title2::tissot::t120,3
title2::shimano::j04c,3
title_bigram::brake::pad,3
brand_token::hydro flask::mouth,3
brand_token::tissot::seastar,3
title_token::sport,3
title_token::chronograph,3
title_token::224,3
title_bigram::3650::port,3
brand_token::evans::evans,3
title_token::level,3
title_bigram::ddr4::4gb,3
title_bigram::canon::18mm,3
title_token::18mm,3
title_bigram::ram::224,3
title2::ram::224,3
title2::ram::diameter,3
title_bigram::diameter::suction,3
title_bigram::t1700g::28tq,3
title_token::box,3
brand_token::intel::cpu,3
title2::canon::stm,3
title_bigram::canon::stm,3
brand_token::corsair::crystal,3
title2::crystal::series,3
title_token::28tq,3
title_token::t1700g,3
title_bigram::sn750::250gb,3
title_token::nvme,3
title_bigram::460x::rgb,3
title_bigram::series::460x,3
brand_token::corsair::460x,3
title_token::xpro,3
title_token::114,3
brand_token::sram::chain,3
brand_token::sandisk::64gb,3
brand_token::manfrotto::mhxpro,3
title_token::way,3
title_bigram::pokemon::sword,3
title_token::shield,3
title2::pokemon::sword,3
brand_token::sram::red22,3
title_bigram::sram::red22,3
title_bigram::hikvision::7616ni,3
title_bigram::digital::sn750,3
brand_token::epson::light,3
title_bigram::epson::light,3
title_token::201u,3
title2::ram::201u,3
title2::hikvision::7616ni,3
title2::epson::light,3
title_bigram::ram::mounts,3
title_bigram::rtx2080s::o8g,3
title_bigram::201u::ram,3
title_bigram::ram::201u,3
title2::ram::mounts,3
title_token::mounts,3
brand_token::canon::stm,3
title_bigram::stm::lens,3
title_token::zoom,3
title_token::compact,3
title_token::gtx1660,3
title_token::ac1350,3
title_token::o8g,3
title_token::rtx2080s,3
title_bigram::dual::rtx2080s,3
title_bigram::2tb::mobile,3
title_bigram::geforce::gtx1660,3
title_token::calibre,3
title_bigram::formula::calibre,3
title2::brother::lc1280xlm,3
title_bigram::prolite::xu2390hs,3
brand_token::iiyama::iiyama,3
title_bigram::high::yield,3
title_token::alu,3
title_bigram::ablaze::elite,3
title_bigram::link::sf1024d,3
title_token::sf1024d,3
title2::cfl::square,3
brand_token::iiyama::xu2390hs,3
title_token::prolite,3
title_bigram::wellington::classic,3
title_bigram::64gb::extreme,3
title_bigram::iiyama::prolite,3
title2::iiyama::prolite,3
title_bigram::hikvision::channel,3
title_token::1080p,3
title_token::phoenix,3
brand_token::asus::gtx,3
title_bigram::evans::tt13ec2s,3
title_token::tt13ec2s,3
title_token::sst,3
title2::evans::tt13ec2s,3
title_bigram::kingston::technology,3
title2::kingston::technology,3
title2::sony::50mm,3
title_bigram::50mm::lens,3
title2::asus::radeon,3
title_bigram::asus::radeon,3
title_bigram::5700::rog,3
title_bigram::ssd::2tb,3
title2::lacie::4tb,3
title_bigram::lacie::4tb,3
title2::oki::44992402,3
title_bigram::brother::lc1280xlm,3
title_token::lc1280xlm,3
title_token::200,3
title_token::usb3,3
title_token::slate,3
title_token::7200rpm,3
title_token::gray,3
brand_token::hikvision::dvr,3
title_bigram::video::head,3
title_bigram::asus::phoenix,3
title2::asus::phoenix,3
title_bigram::digital::purple,3
title_bigram::hard::drive,3
brand_token::jabra::mono,3
title_bigram::evolve::headset,3
title_token::extern,3
title_token::bluetooth,3
title_bigram::evolve::mono,3
title_bigram::magsafe::power,3
title_bigram::asus::placa,3
title2::asus::placa,3
title_bigram::680x::rgb,3
title_bigram::crystal::680x,3
title_bigram::series::680x,3
title_bigram::portable::external,3
brand_token::shimano::pedal,3
title_token::010,3
title_token::2222,3
title_bigram::2222::hybrid,3
title_bigram::ball::hybrid,3
title_bigram::asus::scheda,3
brand_token::asus::plus,3
title_token::ddr3l,3
title_bigram::link::sg1024,3
title_bigram::yellow::ink,3
title_token::450mbps,3
title_token::sg1024,3
title2::link::sg1024,3
title_bigram::shimano::hg901,3
title_token::24p,3
title_bigram::1210::24p,3
title_token::3000va,3
title_bigram::link::wn725n,3
title_bigram::4gb::1600mhz,3
brand_token::shimano::6701,3
title_bigram::ultegra::6701,3
title_bigram::scheda::madre,3
title_bigram::hg901::xtr,2
title_bigram::link::450mbps,2
title2::kingston::4gb,2
title_bigram::ct51264bf160bj::4gb,2
title_token::150mbps,2
title2::link::150mbps,2
title_bigram::pen::drive,2
title_token::pen,2
title_token::12tb,2
title_bigram::7200::seagate,2
title2::hdd::7200,2
brand_token::seagate::7200,2
title_token::sintered,2
title_bigram::brake::pads,2
brand_token::coolermaster::cooler,2
brand_token::coolermaster::master,2
title_token::aluminum,2
brand_token::epson::yellow,2
title_bigram::hdd::7200,2
title_token::7200,2
brand_title::seagate::hdd,2
title_token::stick,2
title_bigram::aorus::geforce,2
title2::gigabyte::aorus,2
title_bigram::gigabyte::aorus,2
brand_token::gigabyte::rtx,2
title_token::protect,2
title_bigram::unifi::protect,2
title_bigram::crystal::570x,2
title2::shimano::hg95,2
title_bigram::pro::6tb,2
title_token::adattatore,2
brand_token::kingston::128gb,2
title_bigram::emad::batter,2
title_bigram::orange::ultrachrome,2
title2::epson::orange,2
title_bigram::epson::orange,2
brand_token::epson::orange,2
title_bigram::toner::oki,2
brand_token::jabra::bluetooth,2
title_bigram::mono::bluetooth,2
title_bigram::24pd::cisco,2
title2::hikvision::7332hqhi,2
title_bigram::hikvision::7332hqhi,2
title_token::compactflash,2
title_token::extremepro,2
brand_token::apple::macbook,2
title_bigram::macbook::charger,2
title_token::charger,2
title2::apple::60w,2
title_bigram::x570::pro,2
title_bigram::dysk::passport,2
title_bigram::external::hdd,2
brand_token::apple::charger,2
brand_title::asus::tuf,2
brand_token::wd::ssd,2
brand_token::wd::nand,2
title_bigram::2tb::nand,2
brand_token::western digital::2tb,2
brand_token::ernie ball::hybrid,2
brand_token::ernie ball::slinky,2
title_bigram::spd::pedal,2
title_token::ct51264bf160bj,2
title_bigram::4gb::ddr3l,2
title_bigram::hsm::nikon,2
brand_token::amd::2600x,2
title_token::smt1000rmi2uc,2
title_bigram::4x6::photo,2
title_bigram::101::4x6,2
title_bigram::x570::plus,2
title_token::maxxterra,2
title_bigram::tire::assegai,2
title_bigram::ixpand::64gb,2
title_bigram::hdd::external,2
title_token::mem,2
brand_token::kingston::plus,2
brand_token::sony::50mm,2
title_bigram::nand::sata,2
brand_token::brother::high,2
brand_token::cisco::plus,2
title_bigram::44992402::toner,2
brand_title::oki::oki,2
brand_token::oki::oki,2
title_token::style,2
title_bigram::technology::canvas,2
title_token::maxx,2
title_bigram::manfrotto::mvh502ah,2
title_bigram::video::kit,2
brand_token::wd::purple,2
title_bigram::10tb::7200rpm,2
brand_title::wd::purple,2
title_token::watch,2
title_bigram::x570::am4,2
title_bigram::pro::video,2
title_bigram::sandisk::extremepro,2
title2::sandisk::extremepro,2
title_token::10tb,2
title_bigram::formula::quartz,2
title_token::32ch,2
title_token::2mp,2
title_bigram::turbo::dvr,2
title_token::mvh502ah,2
title_bigram::hdd::mobile,2
title_token::interno,2
title_bigram::xu2390hs::led,2
title_bigram::2960::c2960x,2
brand_token::cisco::24pd,2
title_token::ports,2
title_token::gr10q,2
brand_title::iiyama::iiyama,2
title2::seagate::lacie,2
title_bigram::seagate::lacie,2
title_bigram::ball::2222,2
brand_token::hikvision::7332hqhi,2
title_token::turbohd,2
title_token::27mm,2
title_token::gddr6,2
title_bigram::phoenix::geforce,2
title_bigram::evans::ec2s,2
title_bigram::ec2::sst,2
title_bigram::sst::clear,2
title_token::aspherical,2
title_token::ebc,2
title_bigram::super::ebc,2
title_bigram::tt13ec2s::ec2,2
title_token::drumhead,2
title_token::502ah,2
title_bigram::manfrotto::502ah,2
title2::manfrotto::502ah,2
title2::manfrotto::mvh502ah,2
title_token::ec2s,2
title_bigram::clear::drumhead,2
title_bigram::ec2s::clear,2
title2::evans::ec2s,2
title_bigram::mount::double,2
title2::ram::mount,2
title2::amd::cpu,2
title_bigram::amd::cpu,2
title_bigram::ink::canon,2
title2::ink::canon,2
title_token::8287b001,2
title_bigram::cartridge::canon,2
title_bigram::2220::power,2
title_bigram::ram::mount,2
brand_token::ram mounts::201u,2
title_bigram::pro::128gb,2
title_token::gen,2
brand_token::intel::10700kf,2
brand_token::asus::o8g,2
brand_token::ram mounts::socket,2
title_bigram::mobile::portable,2
title_bigram::type::mobile,2
title_token::2220,2
title_bigram::ball::2220,2
title_bigram::gtx1660::super,2
title_bigram::c60::ac1350,2
title_token::ieee,2
brand_token::asus::rtx2080s,2
brand_token::iiyama::prolite,2
title_token::ref,2
title_token::brezel,2
title_bigram::square::brezel,2
title_token::1280xlm,2
title2::brother::origin,2
title_token::origin,2
title_token::moon,2
brand_token::fujifilm::instax,2
brand_token::fujifilm::square,2
title_token::memory,2
title_bigram::micro::sdxc,2
brand_token::manfrotto::xpro,2
brand_token::manfrotto::way,2
title2::manfrotto::xpro,2
title_bigram::1tb::sata3,2
title2::sram::chain,2
title_bigram::sram::chain,2
title2::sram::red22,2
title_bigram::brother::origin,2
title_bigram::origin::ink,2
title_bigram::manfrotto::xpro,2
title_bigram::way::head,2
brand_token::manfrotto::head,2
title_token::16ch,2
brand_token::hikvision::16p,2
brand_token::hikvision::7616ni,2
title2::router::wifi,2
title_bigram::router::wifi,2
title_token::250,2
title_bigram::shield::rebel,2
brand_token::sram::114,2
title2::cartridge::canon,2
title_bigram::t120::407,2
title_token::nero,2
title_bigram::stylus::pro,2
title_token::t5969,2
title_bigram::light::light,2
title_bigram::cpu::ryzen,2
title_token::nvr,2
title_token::24ts,2
title_bigram::4gb::2400mhz,2
title_token::2400mhz,2
brand_token::ram mounts::diameter,2
title_bigram::224::ram,2
brand_token::ram mounts::224,2
title_bigram::35mm::sonnar,2
title_bigram::sony::35mm,2
title_bigram::oss::lens,2
title_token::407,2
title_bigram::407::051,2
title_bigram::1000::powermatic,2
title_token::powermatic,2
title_bigram::18mm::stm,2
title2::canon::18mm,2
title2::c3650::24ts,2
title2::sony::200mm,2
title_bigram::28tq::switch,2
title_bigram::cpu::core,2
title2::full::frame,2
title_token::70200g,2
title_bigram::sel::70200g,2
title_bigram::sony::200mm,2
title_bigram::200mm::oss,2
title_token::wd10jfcx,2
title_bigram::1tb::wd10jfcx,2
title_token::16mb,2
title_token::internal,2
title_token::performance,2
title_bigram::crystal::460x,2
title_bigram::wa860re::300mbps,2
title_token::tuf3,2
title_bigram::pokemon::tcg,2
title_bigram::j04c::metal,2
title_bigram::rebel::clash,2
title_token::clash,2
title_bigram::pokemon::rebel,2
title2::sony::35mm,2
title_bigram::c2960::48tc,2
title_bigram::2960::100,2
brand_token::shimano::j04c,2
title_token::dial,2
title_token::mens,2
title_bigram::sport::seastar,2
title_token::pok,2
title_token::mon,2
title_bigram::pok::mon,2
brand_token::nintendo::sword,2
title_bigram::gtx::1660s,2
title_token::1660s,2
brand_token::hydro flask::standard,2
title_token::bottle,2
title_bigram::mouth::bottle,2
brand_token::tissot::sport,2
title_bigram::1000::t120,2
brand_token::shimano::disc,2
title_bigram::sonnar::lens,2
title2::sony::mount,2
title_bigram::sony::mount,2
title2::sram::disc,2
title_bigram::sram::disc,2
title_bigram::road::disc,2
brand_token::asus::nvidia,2
title_bigram::vga::nvidia,2
title_bigram::ram::short,2
title2::ram::short,2
title2::tape::24mm,2
title_bigram::tape::24mm,2
title_bigram::extern::passport,2
title2::hdd::extern,2
title_bigram::usm::zoom,2
title_bigram::usm::lens,2
title_bigram::dymo::24mm,2
title_token::blanc,2
title_bigram::noir::blanc,2
title_token::labelmakers,2
title_token::electronic,2
title_bigram::canon::135,2
title_token::135,2
title_bigram::short::double,2
brand_token::ram mounts::cup,2
brand_token::cooler master::h500,2
title_bigram::mastercase::h500,2
title_token::h500,2
brand_token::evans::bass,2
title_bigram::emad::resonant,2
title2::dymo::24mm,2
title_bigram::label::tape,2
title_bigram::rs500::spd,2
brand_token::shimano::rs500,2
title_bigram::mastercase::h500m,2
title_bigram::cisco::c3650,2
title2::cisco::c3650,2
title_token::adaptador,2
title_bigram::nano::wireless,2
title_token::7ghz,2
title_bigram::polyester::12mm,2
title_token::gloss,2
brand_token::epson::premium,2
brand_token::epson::photo,2
title_token::21oz,2
title2::4tb::passport,2
brand_token::western digital::external,2
title_bigram::hdd::extern,2
title_token::offline,2
title_bigram::ups::offline,2
title_bigram::ups::5000va,2
title_token::5000va,2
title_token::cartouche,2
brand_title::epson::cartouche,2
title_bigram::pro::wireless,2
title2::tape::polyester,2
title_bigram::epson::t7891,2
title2::epson::t7891,2
title_bigram::9900::ghz,2
title_token::octa,2
title_bigram::9900::1ghz,2
title_token::1ghz,2
brand_token::dymo::tape,2
title_token::self,2
title2::canon::135,2
brand_token::canon::135,2
brand_token::western digital::4tb,2
title_bigram::4tb::passport,2
brand_token::shimano::105,2
title_bigram::r7000::spd,2
brand_token::epson::cartouche,2
title_bigram::t7891::xxl,2
title_bigram::shimano::r7000,2
title_bigram::spd::r7000,2
title_bigram::105::spd,2
title_token::carbon,2
brand_token::seagate::pro,2
title_bigram::105::r7000,2
brand_token::kingston::8gb,2
title_bigram::ddr3::dimm,2
brand_token::epson::t1285,2
title_bigram::multipack::ink,2
title_token::v30,2
title_token::smt,2
title_bigram::ups::smt,2
title_token::semigloss,2
brand_token::logitech::1920,2
title2::shimano::r7000,2
title2::hikvision::7216hqhi,2
title_bigram::7216hqhi::hikvision,2
title2::7216hqhi::hikvision,2
brand_token::epson::t5805,2
title_bigram::epson::stylus,2
title_bigram::electronic::labelmakers,2
title_bigram::tape::electronic,2
title_bigram::ddr3::1600,2
brand_token::d addario::acoustic,2
brand_token::daddario::acoustic,2
title_bigram::acoustic::phosphor,2
brand_token::d addario::bronze,2
title_bigram::epson::t5805,2
title_bigram::107c::cyan,2
title_bigram::force::mp510,2
title_bigram::force::series,2
brand_token::ubiquiti::pro,2
brand_token::cisco::c3850,2
title2::c3850::48p,2
title_bigram::c3850::48p,2
title_bigram::ois::macro,2
brand_token::fujifilm::schwarz,2
title_token::150w,2
brand_token::crucial::mx500,2
brand_title::shimano::spd,2
brand_token::shimano::sh10,2
title_bigram::shimano::sh10,2
title2::shimano::sh10,2
title_bigram::sh10::spd,2
title_token::24x,2
title_bigram::c3650::24ts,2
title2::unifi::mesh,2
title2::spd::cleats,2
title_bigram::cleats::pair,2
title_token::pair,2
title_bigram::64gb::datatraveler,2
brand_token::kingston::datatraveler,2
title_bigram::kingston::64gb,2
title_token::row,2
brand_token::shimano::cleat,2
title_bigram::hikvision::7216hqhi,2
brand_token::kingston::64gb,2
brand_token::kingston::se9,2
title_bigram::crg::718,2
title_token::crg,2
title_token::718,2
title_bigram::canon::crg,2
title_token::718y,2
title_bigram::epson::c13t70334010,2
brand_token::epson::c13t70334010,2
title2::epson::c13t70334010,2
title_token::cartuccia,2
brand_token::epson::cartuccia,2
title_token::strawberry,2
title_bigram::epson::strawberry,2
title2::epson::strawberry,2
title_bigram::epson::magenta,2
title_token::patrone,2
title2::patrone::epson,2
title_bigram::patrone::epson,2
title_token::t7033,2
title_token::oem,2
title_token::incl,2
title_bigram::headset::stereo,2
title_bigram::canon::718y,2
title2::canon::718y,2
title_bigram::24mm::lens,2
brand_token::evans::clear,2
title_token::apcrbc133,2
title2::apc::schneider,2
title_bigram::apc::schneider,2
title2::epson::magenta,2
brand_token::crucial::500gb,2
title_bigram::3850::port,2
title_bigram::microsdxc::extreme,2
title_bigram::sandisk::microsdxc,2
title2::sandisk::microsdxc,2
title2::tape::9mm,2
title_bigram::tape::9mm,2
title_bigram::80mm::ois,2
brand_title::ubiquiti networks::ubiquiti,2
title_bigram::twist::lock,2
title_bigram::ram::twist,2
title_bigram::32oz::wide,2
title_bigram::32gb::kit,2
title2::kingston::ddr4,2
title_bigram::kingston::ddr4,2
brand_token::sony::mount,2
title_token::lock,2
title2::ram::twist,2
title_bigram::link::wn781nd,2
title2::link::wn781nd,2
title_token::wn781nd,2
title_bigram::pci::express,2
title_token::laser,2
brand_token::ubiquiti networks::ubiquiti,2
title_token::11sp,2
title_bigram::m8000::11sp,2
brand_token::shimano::m8000,2
brand_token::nikon::nikkor,2
brand_token::nikon::nikon,2
title_token::express,2
title_token::network,2
title_bigram::lock::dual,2
title_token::cyaan,2
title_token::inktcartridge,2
title_token::t2982,2
title_bigram::aggressor::exo,2
title_bigram::exo::tire,2
title_bigram::24mm::master,2
title2::crucial::480gb,2
title_bigram::crucial::480gb,2
title_bigram::sram::730,2
title2::sram::730,2
title2::karta::vga,2
title_bigram::karta::vga,2
title_token::1650,2
title_bigram::gtx::1650,2
title_token::pciex,2
brand_token::gigabyte::gtx,2
brand_title::nikon::nikon,2
brand_token::crucial::2280,2
title_bigram::brother::lc225xlm,2
title2::epson::atrament,2
title_token::atrament,2
title_bigram::epson::atrament,2
title2::vga::gigabyte,2
title_token::aps,2
title_token::sunflower,2
title_token::225xlm,2
brand_token::shimano::hg701,2
title_bigram::chain::hg701,2
brand_token::epson::daisy,2
title_token::daisy,2
title2::epson::18xl,2
title_bigram::epson::18xl,2
brand_token::sony::full,2
brand_token::epson::18xl,2
title_token::t1812,2
brand_token::epson::t1812,2
title_token::singlepack,2
title_bigram::epson::singlepack,2
title2::epson::singlepack,2
brand_token::hydro flask::wide,2
title_token::antenna,2
title_bigram::sector::antenna,2
brand_token::asus::placa,2
title2::sony::85mm,2
title_token::medium,2
title_bigram::flask::32oz,2
title_bigram::ubiquiti::5ghz,2
title2::cisco::c2960,2
title_token::baza,2
brand_token::asus::motherboard,2
title_token::motherboard,2
title_bigram::6tb::sata,2
brand_token::seagate::6tb,2
title_token::disque,2
title2::ubiquiti::5ghz,2
title_token::21dbi,2
brand_token::brother::magenta,2
title2::brother::lc225xlm,2
title_bigram::ink::225xlm,2
title2::brother::241m,2
title_token::non,2
title_bigram::gigabyte::z490,2
title2::gigabyte::z490,2
brand_token::gigabyte::placa,2
title_token::schneider,2
title_bigram::battery::cartridge,2
title2::apc::replacement,2
title_bigram::mouse::gaming,2
title_bigram::gaming::optical,2
title_token::karta,2
title_bigram::batter::clear,2
title_bigram::emad2::clear,2
brand_token::gigabyte::intel,2
title_token::2x16gb,2
title_bigram::hyperx::32gb,2
title_bigram::241m::toner,2
brand_token::epson::vivid,2
title_token::tanica,2
brand_token::apple::2nd,2
title_token::latest,2
brand_token::tp link::dual,2
title_bigram::5tb::mobile,2
title_bigram::drive::5tb,2
title2::lacie::5tb,2
title_token::207,2
title_bigram::placa::baza,2
title_bigram::gigabyte::intel,2
title2::gigabyte::intel,2
brand_token::epson::hdr,2
title_token::t596b,2
title_bigram::t596b::ultrachrome,2
brand_token::asus::b550,2
title_bigram::b550::gaming,2
brand_title::asus::rog,2
title_token::ac1200,2
brand_token::tp link::c1200,2
title_bigram::cisco::c2960,2
title_bigram::24tt::cisco,2
title2::c2960::24tt,2
title2::canon::pgi,2
title_bigram::select::uhs,2
title_token::memoire,2
title_bigram::kingston::microsdxc,2
title_bigram::pfi::207,2
title_token::wn821n,2
title2::link::wn821n,2
title_bigram::link::wn821n,2
title2::ultra::dual,2
brand_token::d link::1210,2
title_bigram::x945x2kg::toner,2
brand_title::lexmark::lexmark,2
brand_token::lexmark::lexmark,2
brand_token::apple::headphone,2
title_bigram::shimano::sh11,2
title2::shimano::sh11,2
brand_token::western digital::hard,2
brand_token::western digital::elements,2
title2::2tb::elements,2
title_token::wds100t2b0a,2
title_bigram::wireless::adapter,2
title_bigram::magenta::ink,2
title_bigram::1tb::ssd,2
title_bigram::ssd::nand,2
title_bigram::nand::1tb,2
title_token::solid,2
title_token::iphone,2
title_bigram::apple::iphone,2
title_bigram::headphone::jack,2
title2::ubiquiti::poe,2
title_token::48vdc,2
brand_token::asus::b460m,2
title_token::140mm,2
title_bigram::rgb::140mm,2
title_token::t596300,2
title_token::t5963,2
title_token::c13t596300,2
brand_token::tag heuer::horloge,2
title_token::horloge,2
title_token::movil,2
title_bigram::telefono::movil,2
title2::telefono::movil,2
title_token::telefono,2
brand_title::xiaomi::xiaomi,2
brand_token::xiaomi::redmi,2
title_bigram::formula::43mm,2
brand_token::ubiquiti::802,2
brand_token::ubiquiti networks ub::unifi,2
title_token::men,2
title_bigram::formula::men,2
brand_token::tag heuer::quartz,2
title_bigram::horloge::formula,2
title_bigram::heuer::horloge,2
title_bigram::link::web,2
brand_token::d link::dgs,2
title_bigram::ubiquiti::poe,2
title_token::24w,2
title_bigram::poe::24w,2
title2::era::yankees,2
title_bigram::mt800::hollowtech,2
title_token::43mm,2
title_bigram::t9uh::ac1900,2
title_bigram::link::n300,2
brand_token::cisco::10gbase,2
title_token::10gbase,2
title_token::enterprise,2
title_bigram::56mm::lens,2
title_bigram::web::smart,2
title_token::web,2
title_bigram::era::york,2
title_bigram::sg1016de::port,2
title2::link::sg1016de,2
title_bigram::link::sg1016de,2
title_bigram::switch::dgs,2
title2::carbide::175r,2
brand_token::corsair::carbide,2
title_bigram::qn65q70tafxza::class,2
brand_token::newera::era,2
brand_token::newera::nfl,2
brand_title::newera::era,2
title_bigram::sandisk::ultra,2
title_bigram::series::ll140,2
brand_token::lexmark::high,2
brand_token::lexmark::x945x2kg,2
title2::lexmark::x945x2kg,2
title_bigram::logitech::g533,2
title_bigram::gaming::headset,2
title_bigram::rugged::thunderbolt,2
brand_token::lacie::mobile,2
title_bigram::pro::uhs,2
title_bigram::camera::micro,2
title_bigram::uvc::micro,2
title_bigram::micro::ubiquiti,2
brand_token::xiaomi::note,2
title_bigram::cartridge::xxl,2
title_bigram::cyan::inkjet,2
title_bigram::atrament::wp4000,2
title_token::mainboard,2
brand_token::cisco::sfp,2
title2::uvc::micro,2
title_token::g533,2
brand_title::lacie::rugged,2
title_bigram::ball::2225,2
title_bigram::2225::extra,2
title_token::2225,2
title_bigram::ball::extra,2
title_bigram::pro::poe,2
title_bigram::pro::802,2
title_bigram::sata3::mx500,2
brand_token::tp link::t9uh,2
title_bigram::artemis::spectrum,2
title_token::artemis,2
title_token::3000,2
title_bigram::ddr4::3000mhz,2
brand_token::garmin::plus,2
title2::garmin::nix,2
title_bigram::garmin::nix,2
title_bigram::logitech::g633,2
brand_token::logitech::g633,2
title_bigram::micro::sdhc,2
title2::samsung::qn65q70tafxza,2
title_bigram::samsung::qn65q70tafxza,2
title_bigram::link::ac1900,2
title2::link::ac1900,2
brand_token::tp link::adapter,2
title_token::qn65q70tafxza,2
brand_token::samsung::qn65q70tafxza,2
brand_token::samsung::class,2
title_bigram::class::q70t,2
title_token::cap,2
title_token::spectrum,2
title_bigram::g633::artemis,2
title2::logitech::g633,2
brand_token::shimano::press,2
title_bigram::mt800::press,2
title_token::sapca,2
title_bigram::sapca::era,2
title2::sapca::era,2
title_token::mvk500am,2
title_bigram::manfrotto::mvk500am,2
title2::manfrotto::mvk500am,2
title_bigram::filter::apple,2
title_bigram::apc::replacement,2
title2::brother::lc1220bk,2
title_bigram::lc1220bk::ink,2
title_token::hollowtech,2
title2::shimano::deore,2
title_bigram::deore::mt800,2
title_token::press,2
title2::fluid::video,2
brand_token::razer::gaming,2
title_bigram::svart::lc1220bk,2
brand_token::brother::svart,2
brand_token::epson::t7012,2
title_bigram::4500::inkjet,2
brand_token::epson::4500,2
title_bigram::filter::macbook,2
title2::ssd::250gb,2
title_bigram::ssd::250gb,2
brand_token::crucial::sata,2
title_bigram::slinky::nickel,2
title_token::nickel,2
title_bigram::rgb::atx,2
title_bigram::video::system,2
title_token::system,2
title_bigram::aaa::replica,2
title2::shimano::hg601,2
title_bigram::hg601::chain,2
title_bigram::chain::speed,2
title_bigram::hg601::speed,2
title_bigram::shimano::bicycle,2
brand_title::omega::omega,2
brand_token::omega::omega,2
title_token::cl41,2
brand_token::canon::multi,2
brand_token::lacie::thunderbolt,2
brand_token::lacie::type,2
title_token::shifter,2
title_bigram::speed::trigger,2
brand_token::qbp::eagle,2
title_token::aaa,2
title_bigram::placa::video,2
title_bigram::5500::8gb,2
title_bigram::deathadder::ergonomic,2
brand_token::corsair::8gb,2
title2::canon::ink,2
title_bigram::canon::ink,2
brand_token::canon::cl41,2
title_token::multi,2
title_token::ergonomic,2
title_bigram::asus::nvidia,2
title2::asus::nvidia,2
title_bigram::dual::geforce,2
title2::sigma::art,2
title_bigram::sigma::art,2
brand_token::gigabyte::5500,2
title_token::graphics,2
title_bigram::datatraveller::100,2
title_token::datatraveller,2
title_bigram::magenta::t7023,2
brand_token::epson::t7023,2
brand_token::epson::high,2
title_token::100mm,2
brand_token::canon::macro,2
brand_token::canon::100mm,2
title2::monitor::samsung,2
title_token::4ms,2
title_bigram::monitor::samsung,2
title_bigram::chain::brute,2
title_token::data,2
title2::kingston::256gb,2
title_bigram::kingston::256gb,2
title_bigram::100::256gb,2
title_bigram::uvc::led,2
title_bigram::series::275r,2
title2::carbide::series,2
title_bigram::carbide::series,2
title_bigram::35mm::art,2
brand_token::western digital::book,2
title_bigram::1230::cassette,2
brand_token::sram::1230,2
brand_token::omega::seamaster,2
brand_token::omega::diver,2
brand_token::omega::300m,2
title2::aaa::replica,2
title_token::replica,2
title_token::c27f390,2
title_bigram::samsung::c27f390,2
title_bigram::led::range,2
title_token::grey,2
brand_token::garmin::010,2
title_bigram::airpods::2nd,2
title_bigram::micro::extreme,2
brand_token::logitech::ultra,2
brand_token::razer::viper,2
title_token::qhd,2
title2::benq::sw2700pt,2
title_bigram::long::length,2
title_token::clamp,2
title_bigram::long::clamp,2
brand_token::ram::ram,2
title_bigram::extreme::micro,2
brand_token::sandisk::micro,2
title_bigram::fenix::pro,2
brand_token::garmin::pro,2
brand_title::benq::benq,2
title_bigram::unifi::uvc,2
brand_title::ubiquiti::unifi,2
title_token::1080,2
title_bigram::fenix::010,2
title_token::orologio,2
title_bigram::length::double,2
title_token::length,2
title_bigram::nikkor::50mm,2
title_bigram::tool::mini,2
title_bigram::lightweight::fluid,2
brand_token::manfrotto::mvh500ah,2
title_bigram::mvh500ah::lightweight,2
title_token::t7023,2
title2::airpods::wireless,2
brand_token::benq::benq,2
title_bigram::port::giga,2
brand_token::jabra::headset,2
brand_token::ram mounts::round,2
title_token::processore,2
brand_token::tp link::porturi,2
title_token::porturi,2
title_bigram::ram::round,2
title2::ram::round,2
title_token::brute,2
title_bigram::mini::chain,2
brand_token::park tool::chain,2
title_token::300,2
title_bigram::shimano::hg95,2
title2::sram::guide,2
title_bigram::sram::guide,2
brand_title::tp link::switch,2
brand_token::park tool::tool,2
title_token::mhz,2
title_bigram::1600::mhz,2
title_token::valueram,2
title_bigram::kingston::valueram,2
title2::kingston::valueram,2
title2::epson::epson,2
title_bigram::ink::epson,2
title_bigram::sony::240mm,2
title_token::120,2
title_token::dhr2,2
brand_token::maxxis::dhr2,2
title_bigram::minion::dhr2,2
brand_token::maxxis::dhr,2
brand_token::park tool::park,2
brand_title::park tool::park,2
title_token::gige,2
title_bigram::2960::gige,2
brand_token::daddario::ej17,2
brand_token::epson::matt,2
title_token::t6368,2
brand_token::epson::t6368,2
title2::seagate::6tb,2
title_bigram::seagate::6tb,2
title2::amd::am4,2
title_bigram::lpx::16gb,2
title_token::monochrome,2
brand_token::intel::9700f,2
title_token::9th,2
title_bigram::9700f::9th,2
title_token::lan,2
title2::c2960x::24td,2
title_bigram::chain::hg95,2
title_token::t596800,2
brand_token::asus::am4,2
title_bigram::1tb::970,2
title_bigram::evo::2280,2
brand_token::samsung::evo,2
brand_token::samsung::1tb,2
title_bigram::am4::x570,2
title_bigram::base::amps,2
brand_token::ram mounts::plate,2
title2::pen::drive,2
title_bigram::uvc::bullet,2
title_token::bullet,2
brand_token::ubiquiti::bullet,2
brand_token::shimano::hg95,2
title2::bicycle::chain,2
title_bigram::hikvision::3e0105p,2
title2::hikvision::3e0105p,2
title2::logitech::b100,2
title_bigram::optical::mouse,2
title_token::xtr,2
title2::crucial::4gb,2
title_bigram::xtr::dura,2
title2::link::wn725n,2
title_bigram::port::unmanaged,2
title_bigram::crucial::4gb,2
brand_title::coolermaster::cooler,2
brand_token::tp link::point,2
title_token::wa901nd,2
title_bigram::link::wa901nd,2
title2::link::wa901nd,2
title_bigram::wireless::access,2
title2::coolermaster::masterliquid,2
title_token::coolermaster,2
title_bigram::coolermaster::masterliquid,2
title_bigram::advanced::aluminum,2
title_bigram::poe::switch,2
title_token::unmanaged,2
title_bigram::hikvision::port,2
title2::hikvision::port,2
brand_token::sram::brake,2
title_token::avid,2
title2::headset::audio,2
title_bigram::headset::audio,2
title2::hyperx::fury,2
title_bigram::fury::series,2
title_token::10sp,2
brand_token::cooler master::ml120r,2
title_token::4x6,2
title_bigram::pro::platinum,2
title_token::platinum,2
title_bigram::photo::paper,2
brand_token::canon::101,2
brand_token::canon::paper,2
title_bigram::101::photo,2
title_token::paper,2
brand_token::coolermaster::masterliquid,2
title_bigram::mouse::b100,2
brand_token::tp link::450mbps,2
brand_token::apple::adapter,2
brand_token::canon::photo,2
title_bigram::sg1024::port,2
title_token::t6364,2
brand_token::apple::digital,2
title_bigram::ups::3000va,2
title_token::smx,2
title_bigram::ups::smx,2
title_bigram::evans::tt14ec2s,2
title2::evans::tt14ec2s,2
title_token::tt14ec2s,2
title_bigram::dura::ace,2
title_token::ace,2
title_bigram::wn725n::nano,2
title_bigram::ultra::webcam,2
title_token::hdmi,2
title_bigram::6701::speed,2
title_bigram::chain::6701,2
title_bigram::wireless::link,2
title_bigram::link::150mbps,2
brand_token::cooler master::lite,2
